{
    "Banded Chlorosis": {
        "marathi_name": "पट्टेदार पिवळसर रोग",
        "symptoms": "पानांवर पिवळे पट्टे, वाढ मंदावणे",
        "detailed_symptoms": [
            "पानांवर पिवळे आणि हिरवे आंतर्वाषिक पट्टे",
            "जुनी पाने प्रथम प्रभावित होणे",
            "पानांची वाढ मंद होणे",
            "फोटोसिंथेसिस कमी होणे",
            "उत्पादनात 15-25% घट"
        ],
        "solution": "• फेरस सल्फेट 5 ग्रॅम प्रति लिटर फवारणी\n• मल्टिमायक्रो न्यूट्रिएंट मिश्रण\n• नत्राची मात्रा वाढवा\n• मॅग्नेशियम सल्फेट 2% स्प्रे करा\n• चेलेटेड आयर्न 0.5% वापरा",
        "prevention": "संतुलित पोषण, नियमित देखभाल, मृदा pH राखा (6.5-7.0)",
        "organic_solutions": [
            "कंपोस्ट खत 5-10 टन प्रति एकर",
            "व्हर्मिकंपोस्ट नियमित वापर",
            "सीवीड एक्स्ट्रॅक्ट फवारणी",
            "केळीच्या पानाचे कंपोस्ट"
        ],
        "immediate_care": [
            "मॅग्नेशियम सल्फेट तत्काळ स्प्रे करा",
            "अतिरिक्त पाणी निचरा करा",
            "आयर्न सप्लिमेंट द्या"
        ],
        "cost_estimate": "₹400-600 प्रति एकर",
        "recovery_time": "2-4 आठवडे",
        "seasonal_advice": {
            "पावसाळा": "अतिरिक्त पाणी निचरा करा",
            "हिवाळा": "पोषक तत्व पुरवठा वाढवा",
            "उन्हाळा": "पाणी व्यवस्थापन करा"
        }
    },
    "Brown Spot": {
        "marathi_name": "तपकिरी ठिपके",
        "symptoms": "पानांवर तपकिरी ठिपके, काळे डाग",
        "detailed_symptoms": [
            "पानांवर छोटे तपकिरी गोल ठिपके",
            "ठिपक्यांभोवती पिवळी पट्टी",
            "ठिपके वाढून मोठे डाग बनणे",
            "पाने पिवळी होऊन सुकणे",
            "फोटोसिंथेसिसमध्ये घट"
        ],
        "solution": "• प्रॉपिनेब 0.25% फवारणी\n• मॅंकोझेब 0.3% फवारणी\n• स्टिकरसह 10 दिवसांनी फवारणी\n• कॉपर ऑक्सिक्लोराइड 0.3% स्प्रे\n• संक्रमित पाने काढून टाका",
        "prevention": "स्वच्छता, योग्य निचरा, हवेची चळवळ सुधारा",
        "organic_solutions": [
            "नीम ऑइल 5ml/लिटर फवारणी",
            "बेकिंग सोडा 5 ग्रॅम/लिटर",
            "लसूण + मिरचीचा अर्क",
            "ट्रायकोडर्मा व्हिरिडी स्प्रे"
        ],
        "immediate_care": [
            "संक्रमित पाने तत्काळ काढा",
            "फंगीसाइड स्प्रे करा",
            "हवेची वाहतूक सुधारा"
        ],
        "cost_estimate": "₹300-500 प्रति एकर",
        "recovery_time": "3-6 आठवडे",
        "seasonal_advice": {
            "पावसाळा": "साप्ताहिक प्रतिबंधक फवारणी",
            "शरद": "निरीक्षण वाढवा",
            "हिवाळा": "स्वच्छता राखा"
        }
    },
    "BrownRust": {
        "marathi_name": "तपकिरी तांबेरा",
        "symptoms": "पानांवर तपकिरी-नारिंगी ठिपके, रस्ट पावडर",
        "detailed_symptoms": [
            "पानांच्या खालच्या भागावर लहान नारिंगी ठिपके",
            "ठिपके फुटून तपकिरी पावडर बाहेर पडणे",
            "पाने वाळून भुरभुरीत होणे",
            "संपूर्ण पानावर प्रसार",
            "गंभीर प्रकरणात संपूर्ण पीक प्रभावित"
        ],
        "solution": "• ट्रायकोनाझोल 1 मिली प्रति लिटर\n• हेक्साकोनाझोल 2 मिली प्रति लिटर\n• 7 दिवसांनी पुन्हा फवारणी\n• प्रोपिकोनाझोल 0.1% स्प्रे\n• तत्काळ संगरोधन करा",
        "prevention": "तत्काळ उपचार, संगरोधन, रोगप्रतिकारक जाती",
        "organic_solutions": [
            "बोर्डो मिश्रण 1% फवारणी",
            "नीम ऑइल + गार्लिक एक्स्ट्रॅक्ट",
            "कॉपर सल्फेट पेंटिंग",
            "ट्रायकोडर्मा + स्यूडोमोनास स्प्रे"
        ],
        "immediate_care": [
            "तत्काळ फंगीसाइड स्प्रे",
            "संक्रमित भाग वेगळा करा",
            "शेजारच्या शेतकऱ्यांना सूचना द्या"
        ],
        "cost_estimate": "₹600-900 प्रति एकर",
        "recovery_time": "4-8 आठवडे",
        "emergency_protocol": true,
        "seasonal_advice": {
            "पावसाळा": "अत्यंत सावधगिरी बाळगा",
            "शरद": "नियमित निरीक्षण",
            "हिवाळा": "प्रतिबंधक उपचार"
        }
    },
    "RedRot": {
        "marathi_name": "लाल कुज",
        "symptoms": "कांड्याचा आतला भाग लाल होणे, आडवे पांढरे पट्टे",
        "detailed_symptoms": [
            "ऊसाच्या आतील भागाला चमकदार लाल रंग",
            "आडवे पांढरे पट्टे दिसणे",
            "तीव्र आंबट दुर्गंध येणे",
            "ऊस मऊ होऊन कुजणे",
            "पाने पिवळी होऊन सुकणे",
            "साखरेचे प्रमाण लक्षणीयरीत्या कमी होणे"
        ],
        "solution": "• कार्बेन्डाझिम 50% WP फवारणी\n• मैनकोझेब 75% WP फवारणी\n• रोगग्रस्त ऊस तोडून जाळा\n• बोर्डो मिश्रण 1% स्प्रे\n• संक्रमित क्षेत्राचे सोलारायझेशन",
        "prevention": "रोगमुक्त बेणे वापरा, योग्य निचरा, प्रतिकारशक्ती जाती",
        "organic_solutions": [
            "नीम केक 250 किलो/एकर मातीत मिसळा",
            "ट्रायकोडर्मा हर्झियानम 5 किलो/एकर",
            "गोमूत्र + नीम पत्ती अर्क",
            "कॅस्टर केक + नीम केक मिश्रण"
        ],
        "immediate_care": [
            "संक्रमित ऊस तत्काळ काढा आणि जाळा",
            "24 तासांत तज्ज्ञांशी संपर्क साधा",
            "शेजारच्या शेतकऱ्यांना सूचना द्या",
            "पाण्याचा प्रवाह रोखा"
        ],
        "cost_estimate": "₹1500-2500 प्रति एकर",
        "recovery_time": "8-16 आठवडे",
        "emergency_protocol": true,
        "quarantine_required": true,
        "expert_consultation": "अत्यावश्यक",
        "seasonal_advice": {
            "सर्व हंगाम": "अत्यंत सावधगिरी आवश्यक"
        }
    },
    "Healthy": {
        "marathi_name": "निरोगी",
        "symptoms": "पान हिरवी, स्वस्थ आणि चांगल्या वाढीत",
        "detailed_symptoms": [
            "पाने चमकदार हिरवी",
            "एकसमान वाढ",
            "कोणतीही रोगाची चिन्हे नाहीत",
            "चांगली कंद निर्मिती",
            "इष्टतम फोटोसिंथेसिस"
        ],
        "solution": "नियमित देखभाल चालू ठेवा",
        "prevention": "योग्य खत आणि पाणी व्यवस्थापन, नियमित निरीक्षण",
        "maintenance_schedule": [
            "मासिक निरीक्षण",
            "संतुलित खत कार्यक्रम",
            "योग्य पाणी व्यवस्थापन",
            "प्रतिबंधक फवारणी"
        ],
        "optimization_tips": [
            "मल्चिंग करा",
            "ग्रोथ रेग्युलेटर वापरा",
            "मायक्रो न्यूट्रिएंट स्प्रे",
            "योग्य वेळी कापणी"
        ],
        "cost_estimate": "₹200-400 प्रति एकर (देखभाल)",
        "expected_yield": "80-120 टन प्रति एकर"
    },
    "Grassy shoot": {
        "marathi_name": "गवताळ वाढ रोग",
        "symptoms": "पातळ गवतासारखी पाने, बहुविभाजन",
        "detailed_symptoms": [
            "असंख्य पातळ कोंबा निकळणे",
            "गवतासारखे पाने",
            "सामान्य वाढ पूर्णपणे बंद",
            "इंटरनोड्स अत्यंत लहान",
            "साखर निर्मिती पूर्णपणे बंद",
            "संपूर्ण रोप नष्ट"
        ],
        "solution": "• ऑक्सीटेट्रासायक्लिन 3 ग्रॅम प्रति लिटर\n• स्ट्रेप्टोमायसिन 1 ग्रॅम प्रति लिटर\n• इमिडाक्लोप्रिड कीटकांसाठी\n• रोगग्रस्त रोपे तत्काळ नष्ट करा\n• संगरोधन क्षेत्र स्थापन करा",
        "prevention": "कीटक नियंत्रण, रोगग्रस्त ऊस नष्ट करा, प्रमाणित बेणे वापरा",
        "immediate_care": [
            "संक्रमित रोपे तत्काळ उपटून जाळा",
            "एक किमी त्रिज्येत संगरोधन करा",
            "कीटक नियंत्रण तातडीने करा",
            "कृषी अधिकाऱ्यांना कळवा"
        ],
        "cost_estimate": "₹2000-5000 प्रति एकर",
        "recovery_time": "अशक्य - संपूर्ण पीक नष्ट",
        "emergency_protocol": true,
        "quarantine_required": true,
        "expert_consultation": "तत्काळ",
        "legal_reporting": "सक्तीचे"
    }
}
